{
  "model": {
    "type": "range_dispatch",
    "property": "custom_model_data",
    "entries": [
      {
        "threshold": 1,
        "model": {
          "type": "model",
          "model": "minecraft:custom/invisible"
        }
      },
      {
        "threshold": 2,
        "model": {
          "type": "model",
          "model": "minecraft:custom/helmet"
        }
      },
      {
        "threshold": 3,
        "model": {
          "type": "model",
          "model": "minecraft:custom/chestplate"
        }
      },
      {
        "threshold": 4,
        "model": {
          "type": "model",
          "model": "minecraft:custom/leggings"
        }
      },
      {
        "threshold": 5,
        "model": {
          "type": "model",
          "model": "minecraft:custom/boots"
        }
      },
      {
        "threshold": 6,
        "model": {
          "type": "model",
          "model": "minecraft:custom/home"
        }
      },
      {
        "threshold": 7,
        "model": {
          "type": "model",
          "model": "minecraft:custom/home_add"
        }
      },
      {
        "threshold": 8,
        "model": {
          "type": "model",
          "model": "item/paper"
        }
      }
    ],
    "fallback": {
      "type": "model",
      "model": "item/paper"
    }
  }
}