{
    "providers": [
    
        {
            "type": "bitmap",
            "file": "custom:thirst/thirst_0.png",
            "ascent": -16,
            "height": 9,
            "chars": ["💦"]
	    },
        {
            "type": "bitmap",
            "file": "custom:thirst/thirst_1.png",
            "ascent": -16,
            "height": 9,
            "chars": ["💧"]
	    },
        {
            "type": "bitmap",
            "file": "custom:thirst/thirst_2.png",
            "ascent": -16,
            "height": 9,
            "chars": ["🚿"]
        },

        {
            "type": "bitmap",
            "file": "custom:thirst/thirst_0.png",
            "ascent": -6,
            "height": 9,
            "chars": ["🥤"]
	    },

        {
            "type": "bitmap",
            "file": "custom:thirst/thirst_1.png",
            "ascent": -6,
            "height": 9,
            "chars": ["♒"]
	    },
        {
            "type": "bitmap",
            "file": "custom:thirst/thirst_2.png",
            "ascent": -6,
            "height": 9,
            "chars": ["🌊"]
        },
        {
            "type": "bitmap",
            "file": "custom:space/space.png",
            "ascent": -3,
            "height": -3,
            "chars": ["🚀"]
	    },
        {
            "type": "bitmap",
            "file": "custom:space/space.png",
            "ascent": 3,
            "height": 3,
            "chars": ["🌌"]
	    },
        {
            "type": "bitmap",
            "file": "custom:tag/right-click.png",
            "ascent": 6,
            "height": 7,
            "chars": ["👉"]
	    },
        {
            "type": "bitmap",
            "file": "custom:tag/left-click.png",
            "ascent": 6,
            "height": 7,
            "chars": ["👈"]
	    },
        {
            "type": "bitmap",
            "file": "custom:tag/warning.png",
            "ascent": 6,
            "height": 7,
            "chars": ["⚠"]
	    },
        {
            "type": "bitmap",
            "file": "custom:tag/warning-dc.png",
            "ascent": 6,
            "height": 7,
            "chars": ["💿"]
	    },
        {
            "type": "bitmap",
            "file": "custom:tag/coins.png",
            "ascent": 8,
            "height": 10,
            "chars": ["👛"]
	    },
        {
            "type": "bitmap",
            "file": "custom:profile/profile.png",
            "ascent": 13,
            "height": 256,
            "chars": ["👩"]
	    },
        {
            "type": "bitmap",
            "file": "custom:profile/profile-homes.png",
            "ascent": 13,
            "height": 256,
            "chars": ["🏠"]
	    },
        {
            "type": "bitmap",
            "file": "custom:profile/profile-grave_0.png",
            "ascent": 13,
            "height": 256,
            "chars": ["🎈"]
	    },
        {
            "type": "bitmap",
            "file": "custom:profile/profile-grave_1.png",
            "ascent": 13,
            "height": 256,
            "chars": ["💎"]
	    },
        {
            "type": "bitmap",
            "file": "custom:profile/profile-grave_2.png",
            "ascent": 13,
            "height": 256,
            "chars": ["🎍"]
	    },
        {
            "type": "bitmap",
            "file": "custom:chest/chest_54.png",
            "ascent": 13,
            "height": 256,
            "chars": ["♟"]
	    },
        {
            "type": "bitmap",
            "file": "custom:chest/chest_27.png",
            "ascent": 13,
            "height": 256,
            "chars": ["🧰"]
	    }
    ]
}