{
    "providers": [

        {
            "type": "bitmap",
            "file": "custom:inv/auction-house/1.png",
            "height": 5,
            "ascent": -101,
            "chars": ["1"]
        },
        {
            "type": "bitmap",
            "file": "custom:inv/auction-house/2.png",
            "height": 5,
            "ascent": -101,
            "chars": ["2"]
        },
        {
            "type": "bitmap",
            "file": "custom:inv/auction-house/3.png",
            "height": 5,
            "ascent": -101,
            "chars": ["3"]
        },
        {
            "type": "bitmap",
            "file": "custom:inv/auction-house/4.png",
            "height": 5,
            "ascent": -101,
            "chars": ["4"]
        },
        {
            "type": "bitmap",
            "file": "custom:inv/auction-house/5.png",
            "height": 5,
            "ascent": -101,
            "chars": ["5"]
        },
        {
            "type": "bitmap",
            "file": "custom:inv/auction-house/6.png",
            "height": 5,
            "ascent": -101,
            "chars": ["6"]
        },
        {
            "type": "bitmap",
            "file": "custom:inv/auction-house/7.png",
            "height": 5,
            "ascent": -101,
            "chars": ["7"]
        },
        {
            "type": "bitmap",
            "file": "custom:inv/auction-house/8.png",
            "height": 5,
            "ascent": -101,
            "chars": ["8"]
        },
        {
            "type": "bitmap",
            "file": "custom:inv/auction-house/9.png",
            "height": 5,
            "ascent": -101,
            "chars": ["9"]
        },
        {
            "type": "bitmap",
            "file": "custom:inv/auction-house/0.png",
            "height": 5,
            "ascent": -101,
            "chars": ["0"]
        },
        {
            "type": "bitmap",
            "file": "custom:inv/auction-house/slash.png",
            "height": 5,
            "ascent": -101,
            "chars": ["/"]
        }
    ]
}
