{
    "providers": [

        {
            "type": "bitmap",
            "file": "custom:bb/date.png",
            "height": 11,
            "ascent": 8,
            "chars": [
                "🐗"
            ]
        },
        {
            "file": "custom:bb/space.png",
            "chars": ["🎉"],
            "height": 2,
            "ascent": 2,
            "type": "bitmap"
        },
        {
            "file": "custom:bb/space.png",
            "chars": ["🎊"],
            "height": -8,
            "ascent": -8,
            "type": "bitmap"
        }
    ]
}
