{
    "providers": [
        {
            "file": "custom:esc/space.png",
            "chars": ["🚀"],
            "height": 2,
            "ascent": 2,
            "type": "bitmap"
        },
        {
            "file": "custom:esc/space.png",
            "chars": ["🌌"],
            "height": -8,
            "ascent": -8,
            "type": "bitmap"
        },
        {
            "type": "bitmap",
            "file": "custom:esc/logo.png",
            "height": 120,
            "ascent": 100,
            "chars": [
                "🕉"
            ]
        },
        {
            "type": "bitmap",
            "file": "custom:sb/logo.png",
            "height": 20,
            "ascent": 15,
            "chars": [
                ""
            ]
        },
        {
            "type": "bitmap",
            "file": "custom:esc/bottom_card.png",
            "height": 118,
            "ascent": -15,
            "chars": [
                "☸"
            ]
        }
    ]
}
