{
    "providers": [
        {
            "file": "custom:hb/space.png",
            "chars": ["🎄"],
            "height": 2,
            "ascent": 2,
            "type": "bitmap"
        },
        {
            "file": "custom:hb/space.png",
            "chars": ["🎋"],
            "height": -8,
            "ascent": -8,
            "type": "bitmap"
        },
        {
            "file": "custom:hb/space.png",
            "chars": ["☄"],
            "height": 5,
            "ascent": 5,
            "type": "bitmap"
        },
        // coins
        {
            "type": "bitmap",
            "file": "custom:hb/dot.png",
            "height": 5,
            "ascent": -38,
            "chars": ["🥰"]
        },
        {
            "type": "bitmap",
            "file": "custom:hb/1.png",
            "height": 5,
            "ascent": -38,
            "chars": ["😀"]
        },
        {
            "type": "bitmap",
            "file": "custom:hb/2.png",
            "height": 5,
            "ascent": -38,
            "chars": ["😁"]
        },
        {
            "type": "bitmap",
            "file": "custom:hb/3.png",
            "height": 5,
            "ascent": -38,
            "chars": ["😂"]
        },
        {
            "type": "bitmap",
            "file": "custom:hb/4.png",
            "height": 5,
            "ascent": -38,
            "chars": ["🤣"]
        },
        {
            "type": "bitmap",
            "file": "custom:hb/5.png",
            "height": 5,
            "ascent": -38,
            "chars": ["😃"]
        },
        {
            "type": "bitmap",
            "file": "custom:hb/6.png",
            "height": 5,
            "ascent": -38,
            "chars": ["😄"]
        },
        {
            "type": "bitmap",
            "file": "custom:hb/7.png",
            "height": 5,
            "ascent": -38,
            "chars": ["😅"]
        },
        {
            "type": "bitmap",
            "file": "custom:hb/8.png",
            "height": 5,
            "ascent": -38,
            "chars": ["😆"]
        },
        {
            "type": "bitmap",
            "file": "custom:hb/9.png",
            "height": 5,
            "ascent": -38,
            "chars": ["😉"]
        },
        {
            "type": "bitmap",
            "file": "custom:hb/0.png",
            "height": 5,
            "ascent": -38,
            "chars": ["😊"]
        },
        {
            "type": "bitmap",
            "file": "custom:hb/k.png",
            "height": 5,
            "ascent": -38,
            "chars": ["😋"]
        },
        {
            "type": "bitmap",
            "file": "custom:hb/m.png",
            "height": 5,
            "ascent": -38,
            "chars": ["😎"]
        },
        {
            "type": "bitmap",
            "file": "custom:hb/b.png",
            "height": 5,
            "ascent": -38,
            "chars": ["😍"]
        },
        {
            "type": "bitmap",
            "file": "custom:hb/t.png",
            "height": 5,
            "ascent": -38,
            "chars": ["😘"]
        },
        // money
        {
            "type": "bitmap",
            "file": "custom:hb/dot.png",
            "height": 5,
            "ascent": -52,
            "chars": ["🔯"]
        },
        {
            "type": "bitmap",
            "file": "custom:hb/1.png",
            "height": 5,
            "ascent": -52,
            "chars": ["❤"]
        },
        {
            "type": "bitmap",
            "file": "custom:hb/2.png",
            "height": 5,
            "ascent": -52,
            "chars": ["🧡"]
        },
        {
            "type": "bitmap",
            "file": "custom:hb/3.png",
            "height": 5,
            "ascent": -52,
            "chars": ["💛"]
        },
        {
            "type": "bitmap",
            "file": "custom:hb/4.png",
            "height": 5,
            "ascent": -52,
            "chars": ["💚"]
        },
        {
            "type": "bitmap",
            "file": "custom:hb/5.png",
            "height": 5,
            "ascent": -52,
            "chars": ["💙"]
        },
        {
            "type": "bitmap",
            "file": "custom:hb/6.png",
            "height": 5,
            "ascent": -52,
            "chars": ["💜"]
        },
        {
            "type": "bitmap",
            "file": "custom:hb/7.png",
            "height": 5,
            "ascent": -52,
            "chars": ["🤎"]
        },
        {
            "type": "bitmap",
            "file": "custom:hb/8.png",
            "height": 5,
            "ascent": -52,
            "chars": ["🖤"]
        },
        {
            "type": "bitmap",
            "file": "custom:hb/9.png",
            "height": 5,
            "ascent": -52,
            "chars": ["🤍"]
        },
        {
            "type": "bitmap",
            "file": "custom:hb/0.png",
            "height": 5,
            "ascent": -52,
            "chars": ["💔"]
        },
        {
            "type": "bitmap",
            "file": "custom:hb/k.png",
            "height": 5,
            "ascent": -52,
            "chars": ["❣"]
        },
        {
            "type": "bitmap",
            "file": "custom:hb/m.png",
            "height": 5,
            "ascent": -52,
            "chars": ["💕"]
        },
        {
            "type": "bitmap",
            "file": "custom:hb/b.png",
            "height": 5,
            "ascent": -52,
            "chars": ["💞"]
        },
        {
            "type": "bitmap",
            "file": "custom:hb/t.png",
            "height": 5,
            "ascent": -52,
            "chars": ["💓"]
        },
        {
            "type": "bitmap",
            "file": "custom:hb/moneycoingb.png",
            "height": 25,
            "ascent": -35,
            "chars": ["💲"]
        },
        {
            "type": "bitmap",
            "file": "custom:hb/thirst_0.png",
            "ascent": -16,
            "height": 9,
            "chars": ["💦"]
	    },
        {
            "type": "bitmap",
            "file": "custom:hb/thirst_1.png",
            "ascent": -16,
            "height": 9,
            "chars": ["💧"]
	    },
        {
            "type": "bitmap",
            "file": "custom:hb/thirst_2.png",
            "ascent": -16,
            "height": 9,
            "chars": ["🚿"]
        },

        {
            "type": "bitmap",
            "file": "custom:hb/thirst_0.png",
            "ascent": -6,
            "height": 9,
            "chars": ["🥤"]
	    },

        {
            "type": "bitmap",
            "file": "custom:hb/thirst_1.png",
            "ascent": -6,
            "height": 9,
            "chars": ["♒"]
	    },
        {
            "type": "bitmap",
            "file": "custom:hb/thirst_2.png",
            "ascent": -6,
            "height": 9,
            "chars": ["🌊"]
        }
    ]
}
