{
    "providers": [

        {
            "type": "bitmap",
            "file": "custom:inv/ori_6row.png",
            "height": 256,
            "ascent": 13,
            "chars": [
                "💻"
            ]
        },
        {
            "type": "bitmap",
            "file": "custom:inv/rtp.png",
            "height": 256,
            "ascent": 13,
            "chars": [
                "📵"
            ]
        },
        {
            "type": "bitmap",
            "file": "custom:inv/ori_3row.png",
            "height": 256,
            "ascent": 12,
            "chars": [
                "🎡"
            ]
        },
        //auction-house
        {
            "type": "bitmap",
            "file": "custom:inv/auction-house/ah.png",
            "height": 256,
            "ascent": 13,
            "chars": [
                "🏚"
            ]
        },
        {
            "type": "bitmap",
            "file": "custom:inv/auction-house/ah-myitem.png",
            "height": 256,
            "ascent": 13,
            "chars": [
                "👕"
            ]
        },
        {
            "type": "bitmap",
            "file": "custom:inv/auction-house/ah-buy.png",
            "height": 256,
            "ascent": 13,
            "chars": [
                "🧧"
            ]
        }
    ]
}
