{
    "providers": [

        {
            "type": "bitmap",
            "file": "custom:ranks/owner.png",
            "height": 7,
            "ascent": 6,
            "chars": [
                ""
            ]
        },
        {
            "type": "bitmap",
            "file": "custom:ranks/dev.png",
            "height": 7,
            "ascent": 6,
            "chars": [
                ""
            ]
        },
        {
            "type": "bitmap",
            "file": "custom:ranks/doom.png",
            "height": 7,
            "ascent": 6,
            "chars": [
                ""
            ]
        },
        {
            "type": "bitmap",
            "file": "custom:ranks/arcanist.png",
            "height": 7,
            "ascent": 6,
            "chars": [
                ""
            ]
        }
    ]
}
