{
    "providers": [
        {
            "file": "custom:sb/space.png",
            "chars": ["🛰"],
            "height": -500,
            "ascent": -500,
            "type": "bitmap"
        },
        {
            "type": "bitmap",
            "file": "custom:sb/logo.png",
            "height": 20,
            "ascent": 15,
            "chars": [
                "🔃"
            ]
        },
        {
            "type": "bitmap",
            "file": "custom:sb/ip.png",
            "height": 9,
            "ascent": 9,
            "chars": [
                "📞"
            ]
        },
        {
            "type": "bitmap",
            "file": "custom:sb/main.png",
            "height": 30,
            "ascent": -1,
            "chars": [
                "⛑"
            ]
        }
    ]
}
