{
    "providers": [

        {
            "type": "bitmap",
            "file": "custom:tag/npc.png",
            "height": 7,
            "ascent": 6,
            "chars": [
                ""
            ]
        },
        {
            "type": "bitmap",
            "file": "custom:tag/lclick.png",
            "height": 7,
            "ascent": 6,
            "chars": [
                ""
            ]
        },
        {
            "type": "bitmap",
            "file": "custom:tag/rclick.png",
            "height": 7,
            "ascent": 6,
            "chars": [
                ""
            ]
        }
    ]
}
